# 소환기 효과 설명 오역 (#00435, 열 0 = 설명). 소환기 이름(열 1)은 수정 제외
# JP: 味方の攻撃速度と素早さを一定時間上げる空間を作る  (공격 속도 누락)
53.0	일정 시간 아군의 공격 속도와 민첩을 증가시키는\n공간을 만든다
# JP: 着弾すると爆発する雷属性と炎属性のアイテムを投げる  (炎 = 염속성)
102.0	착탄 시 폭발하는 뇌속성과 염속성 아이템을 투척한다.
# JP: 着弾すると爆発する炎属性と氷属性の弾を放つ  (속성 오역)
103.0	착탄 시 폭발하는 염속성과 빙속성 탄을 발사한다.
# JP: 旋回する風属性の刃を放ったのち前方に斬属性の刃を複数放つ  (複数 누락)
104.0	회전하는 풍속성 칼날을 날린 후, 전방에 참속성 칼날을 여러 개 날린다.
# JP: 一定距離飛んで爆発する炎属性の弾を放つ  (폴발 오타, 炎 = 염속성)
105.0	일정 거리 이동 후 폭발하는\n염속성 탄을 발사한다
# JP: 障害物に当たると跳ね返る炎属性の矢を放つ  (炎 = 염속성)
108.0	장애물에 부딪히면 다시 튀는\n염속성 화살을 발사한다
# JP: 敵を強風状態にして、状態異常の敵から体力を吸収する  (조건 오역)
109.0	적을 강풍 상태로 만들고,\n상태 이상에 걸린 적의 체력을 흡수한다.
